"","Gender","Class.Year","Marital.Status","Major","Next.Degree","AttendenceEvent","FY12Giving","FY13Giving","FY14Giving","FY15Giving","FY16Giving"
"761","F",2002,"M","Sociology","MSW",1,50,51,51,0,0
"620","M",2002,"S","History","NONE",0,0,0,0,0,0
"214","F",1982,"M","History","NONE",1,100,0,100,100,100
"373","F",1992,"M","Anthropology","MS",1,0,0,0,0,0
"748","M",2002,"S","Philosophy","NONE",0,0,0,0,0,0
"1080","F",2012,"S","Anthropology","JD",1,0,0,0,0,0
"1155","F",2012,"S","Art","NONE",0,0,0,0,0,0
"1069","F",2012,"S","Independent","MS",1,5,10,25,25,50
"1161","F",2012,"S","Sociology","NONE",0,0,0,0,0,0
"457","F",1992,"M","English","MA",0,0,75,0,0,60
"716","F",2002,"S","English","NONE",1,0,0,0,0,0
"584","F",1992,"S","English","PHD",0,0,0,0,0,0
"1085","F",2012,"S","Biology","NDA",1,10,0,0,10,10
"206","F",1982,"D","American Studies","NONE",0,0,0,0,0,150
"317","M",1982,"M","Art","NONE",0,0,0,0,0,0
"590","M",1992,"S","Economics","MS",0,0,5,0,0,0
"1224","F",2012,"M","Political Science","NONE",1,0,0,0,0,0
"859","F",2002,"S","Biology","MD",1,20,50,50,50,75
"210","F",1982,"D","History","MALS",1,100,160,200,150,50
"976","M",2012,"S","Sociology","NONE",1,30,0,0,50,0
"380","F",1992,"M","Psychology","NONE",0,100,75,0,0,75
"591","M",1992,"M","Economics","MBA",1,0,0,0,0,0
"192","M",1982,"M","Economics","NONE",0,0,0,0,0,0
"510","M",1992,"M","Anthropology","MCP",1,50,100,156,157,50
"376","M",1992,"M","Political Science","JD",1,50,75,50,80,0
"830","M",2002,"S","History","NONE",1,0,0,0,0,0
"607","M",2002,"S","Theatre","NONE",0,0,0,0,0,0
"803","F",2002,"M","Spanish","NONE",0,0,0,0,0,0
"48","M",1972,"M","History","NONE",1,0,0,0,500,0
"527","F",1992,"D","Spanish","MA",0,50,50,50,50,50
"19","F",1972,"W","Sociology","ME",1,500,500,1000,1500,1500
"649","F",2002,"M","Sociology","NONE",1,15,20,25,25,25
"65","F",1972,"W","Physical Education","BS",0,0,0,0,0,0
"363","F",1992,"M","History","JD",0,750,0,1000,1500,1493.85
"383","M",1992,"M","Music","NONE",0,0,50,50,0,0
"133","M",1982,"M","Political Science","MS",1,2500,2500,2500,2500,2500
"528","F",1992,"M","History","JD",1,100,0,275,100,250
"972","M",2012,"M","Art","NDA",0,50,75,85,100,100
"1140","M",2012,"M","English","BA",1,5,10,15,0,20
"823","M",2002,"S","Physics","JD",1,0,0,50,0,0
"513","M",1992,"M","Religious Studies","NONE",1,0,0,80,0,0
"1078","F",2012,"M","Music","BA",1,0,0,0,50,0
"944","F",2012,"S","Biology","NONE",1,0,15,0,0,0
"798","M",2002,"M","Sociology","MA",0,0,0,0,0,0
"836","M",2002,"M","Political Science","JD",1,75,100,156,0,0
"924","F",2012,"S","Religious Studies","NONE",0,0,0,0,0,0
"778","F",2002,"M","German","NONE",0,0,0,0,0,0
"587","F",1992,"M","Psychology","JD",1,0,0,0,500,0
"461","F",1992,"M","History","NONE",0,0,200,0,0,0
"769","F",2002,"M","Sociology","MAT",1,40,40,0,40,40
"17","M",1972,"D","Mathematics","PHD",0,0,0,0,0,0
"558","M",1992,"M","Theatre","NONE",1,150,250,100,407,250
"422","M",1992,"M","Art","MA",1,350,0,25,0,0
"474","F",1992,"M","Economics","JD",0,0,0,0,0,0
"517","F",1992,"M","History","TC",1,4000,5500,4066,2000,0
"677","M",2002,"S","Political Science","NONE",1,0,150,0,150,150
"196","M",1982,"M","Biology","MD",1,1000,2799.48,1100,1000,100
"127","M",1972,"M","Sociology","PHD",1,100,120,100,80,80
"923","M",2012,"M","Psychology","MBA",1,0,0,0,0,0
"398","F",1992,"M","Sociology","NONE",0,0,0,0,0,0
"568","F",1992,"D","Independent","JD",0,0,0,0,0,0
"1034","F",2012,"M","Sociology","NONE",0,0,100,0,0,0
"862","F",2002,"D","Sociology","NONE",0,0,0,0,0,0
"179","M",1982,"M","Physics","PHD",1,100,155,156,0,0
"679","F",2002,"M","Chemistry","MS",0,15,0,0,0,25
"694","F",2002,"M","Biology","NONE",0,0,0,0,0,0
"550","M",1992,"S","Physics","NONE",0,0,0,0,156,0
"371","F",1992,"M","Spanish","MS",0,450,160,200,200,250
"880","M",2012,"S","Philosophy","NONE",0,0,20,0,0,0
"1097","F",2012,"S","History","NONE",0,0,0,0,0,0
"672","F",2002,"S","English","PHD",0,0,0,0,0,0
"949","F",2012,"S","Theatre","NONE",0,500,0,250,0,80
"351","F",1992,"M","Mathematics","MS",1,400,400,156,157,158
"819","M",2002,"M","German","MBA",1,0,250,250,250,250
"1054","F",2012,"M","German","MBA",1,0,15,0,0,20
"785","F",2002,"M","Sociology","NONE",1,30,35,40,50,0
"165","M",1982,"M","History","MA",1,0,0,0,0,10
"684","F",2002,"M","English","MA",1,50,50,50,50,50
"1130","M",2012,"S","Physics","NONE",1,0,0,0,20,20
"168","M",1982,"M","Economics","NONE",0,100,100,100,0,0
"445","F",1992,"S","Theatre","MFA",0,0,0,0,0,0
"377","M",1992,"M","Biology","MD",0,0,0,0,0,0
"777","F",2002,"M","Biology","NONE",1,0,0,0,0,0
"223","F",1982,"S","Speech (Drama, etc.)","MA",1,0,0,0,0,0
"770","M",2002,"S","Mathematics","NONE",0,50,0,0,0,0
"788","F",2002,"W","Religious Studies","NONE",1,0,0,0,0,0
"850","F",2002,"M","Psychology","ME",1,0,0,0,0,0
"56","M",1972,"M","English","MFA",0,0,0,0,0,0
"1110","M",2012,"S","Spanish","NONE",1,0,250,0,0,0
"999","M",2012,"S","Economics","MS",1,0,20,20,0,0
"993","F",2012,"M","English","JD",0,0,0,0,0,0
"1071","M",2012,"S","German","BN",1,0,0,0,0,100
"764","F",2002,"S","Anthropology","JD",0,0,0,0,0,0
"1184","M",2012,"M","Economics","PHD",1,80,10,200,100,100
"431","F",1992,"M","Biology","MS",0,90,0,90,0,0
"164","F",1982,"S","English","NONE",1,50,50,200,0,0
"358","F",1992,"S","Sociology","NONE",0,0,0,0,0,0
"893","M",2012,"M","Chemistry","MD",1,0,30,50,70,75
"933","F",2012,"S","Sociology","NDA",0,0,0,0,0,0
"268","M",1982,"M","Economics","MBA",0,80,50,55,75,0
"270","M",1982,"D","Economics","JD",1,0,0,0,0,50
"1186","F",2012,"M","Psychology","NONE",0,0,0,0,0,0
"1047","M",2012,"S","Psychology","NDA",1,0,0,0,0,0
"357","F",1992,"M","English","NONE",0,0,21,0,15,21
"624","M",2002,"S","Russian","MA",1,0,0,0,0,250
"323","M",1982,"M","History","MAT",0,400,400,500,600,600
"124","F",1972,"M","Education","NONE",1,100,100,100,100,100
"638","M",2002,"M","History","MBA",0,0,0,0,0,0
"1154","M",2012,"S","Classics","NONE",0,0,0,0,0,0
"997","M",2012,"S","General Science-Chemistry","NONE",1,0,0,0,0,0
"83","M",1972,"M","Economics-Business","NONE",1,0,0,0,160,0
"577","F",1992,"M","English","MD2",1,25,0,20,0,0
"610","F",2002,"M","Russian","MA",1,60,60,65,70,75
"713","M",2002,"M","Economics","MD2",1,25,25,0,10,0
"784","M",2002,"S","Mathematics","NDA",0,500,600,0,0,600
"852","F",2002,"M","Sociology","NONE",1,25,30,0,0,0
"481","F",1992,"D","Biology","PHD",0,0,80,0,0,0
"1095","F",2012,"M","Political Science","NONE",1,0,0,0,0,0
"385","F",1992,"M","American Studies","PHD",1,0,50,0,0,0
"1042","F",2012,"M","Art","NONE",0,0,0,0,0,0
"651","F",2002,"M","Biology","MD",0,0,0,0,0,0
"882","F",2012,"M","Sociology","NONE",0,0,0,0,0,0
"657","F",2002,"M","Anthropology","NONE",1,154,155,156,157,158
"619","M",2002,"M","Political Science","JD",1,100,100,156,0,200
"89","F",1972,"D","Music","MD",0,0,0,0,0,0
"499","M",1992,"M","English","MA",1,25,100,50,50,30
"24","M",1972,"M","Economics-Business","MBA",1,100,50,0,50,0
"495","M",1992,"S","Independent","DMD",1,100,100,100,100,50
"319","M",1982,"D","German","PHD",0,0,0,0,0,0
"1200","F",2012,"M","Biology","NDA",1,0,0,0,0,0
"982","F",2012,"M","English","MA",1,0,156,156,157,158
"239","M",1982,"M","Economics","MAT",1,0,0,0,0,0
"274","F",1982,"M","English","MD2",1,60,60,75,0,80
"6","F",1972,"M","Mathematics","NONE",0,0,0,0,0,0
"926","F",2012,"M","Russian","NONE",1,0,0,0,0,0
"458","M",1992,"M","Biology","UDDS",1,0,0,0,0,0
"241","F",1982,"M","Speech Correction","NONE",0,0,50,0,50,50
"988","F",2012,"M","Music","NONE",0,0,5,10,0,0
"275","M",1982,"M","Chemistry","MD",0,0,0,0,0,0
"158","F",1982,"M","History","MLS",0,0,0,0,0,0
"264","F",1982,"S","Political Science","UMD",1,2500,2000,2000,2000,2000
"753","F",2002,"M","English","TC",1,100,255,155,150,100
"98","F",1972,"M","Psychology","MS",1,0,0,25,100,0
"787","M",2002,"S","Biology","MD",0,0,0,0,160,0
"756","F",2002,"S","English","TC",1,25,40,50,75,100
"12","F",1972,"M","Psychology","NONE",1,0,0,0,0,0
"1002","F",2012,"S","Biology","DO",1,10,0,10,13,0
"740","F",2002,"M","Economics","PHD",1,0,0,0,500,500
"760","M",2002,"M","English","NONE",1,50,50,50,100,0
"1011","M",2012,"S","Chemistry","NDA",1,0,0,45,25,25
"285","F",1982,"M","Psychology","MSW",1,150,200,200,157,100
"1055","M",2012,"M","American Studies","NONE",1,0,0,0,0,0
"658","F",2002,"M","History","MA",1,0,0,0,100,0
"609","F",2002,"S","Music","NONE",1,0,0,0,0,0
"333","F",1982,"M","Sociology-Anthropology","NONE",0,0,0,0,0,0
"33","M",1972,"M","History","NONE",0,200,455,250,1500,1500
"1031","M",2012,"M","English","NONE",1,0,0,0,25,0
"1053","F",2012,"S","Music","MA",0,0,0,0,0,0
"947","F",2012,"S","Biology","NDA",1,0,20,50,0,20
"304","F",1982,"W","English","TC",1,0,10,15,20,0
"809","F",2002,"M","Political Science","NONE",0,40,35,50,75,0
"849","F",2002,"S","Psychology","NONE",1,80,100,0,100,100
"529","M",1992,"D","Theatre","PHD",0,0,750,1000,157,160
"395","F",1992,"M","Spanish","MA",0,50,75,0,0,0
"1019","F",2012,"S","Political Science","MBA",1,0,0,0,0,10
"291","F",1982,"M","English","NONE",1,0,50,0,0,0
"1223","F",2012,"M","General Science-Psycho","TC",1,154,200,200,200,200
"1199","M",2012,"S","Biology","NONE",0,0,0,0,0,0
"539","F",1992,"M","Biology","UBDS",0,0,0,0,0,0
"409","F",1992,"M","English","UBDS",0,0,0,0,0,0
"779","F",2002,"M","Anthropology","MAE",1,0,0,20,0,0
"10","M",1972,"M","English","NONE",1,0,0,0,0,0
"559","M",1992,"M","Philosophy","JD",1,0,100,0,50,100
"439","M",1992,"S","Psychology","TC",1,0,0,0,0,0
"343","M",1982,"M","Sociology-Anthropology","JD",0,0,0,0,0,0
"767","F",2002,"M","Russian","NONE",1,0,0,0,0,0
"303","M",1982,"M","History","JD",1,50,50,60,50,100
"1185","F",2012,"S","Sociology","NONE",0,0,20,0,0,0
"961","M",2012,"M","Economics","NDA",0,0,0,0,15,25
"732","F",2002,"M","Sociology","NONE",0,0,0,0,0,0
"1041","F",2012,"M","Spanish","NDA",0,15,15,10,0,10
"198","M",1982,"M","English","PHD",1,0,0,10,0,0
"331","F",1982,"M","English","MSW",1,100,155,0,150,200
"835","F",2002,"S","Russian","MD",1,0,0,0,0,0
"980","F",2012,"S","Philosophy","JD",1,0,0,15,0,0
"1087","F",2012,"S","Biology","MD",1,0,20,0,0,25
"626","F",2002,"S","History","MA",1,100,0,0,50,75
"297","F",1982,"M","French","MLS",0,0,0,0,0,0
"471","F",1992,"D","Economics","JD",1,21000,2000,6000,1500,1000
"575","M",1992,"D","History","JD",1,0,25,50,0,50
"600","M",2002,"M","Independent","NONE",1,0,0,0,0,0
"145","M",1982,"D","History","MA",1,1350,1350,165,550,600
"903","M",2012,"M","Physics","NONE",1,0,0,0,0,0
"621","F",2002,"M","Religious Studies","NONE",1,25,50,50,50,50
"839","F",2002,"M","French","MS",0,0,0,0,0,0
"602","M",2002,"S","Chemistry","NONE",0,0,0,0,0,0
"699","F",2002,"S","French","NONE",1,0,100,125,100,100
"1195","F",2012,"S","English","MA",1,25,25,15,0,30
"647","F",2002,"M","Political Science","NONE",1,0,0,0,0,0
"171","F",1982,"M","Music","MAT",1,60,50,0,0,0
"874","M",2012,"S","Economics","NONE",0,0,0,0,0,0
"1013","F",2012,"S","Independent","NONE",0,0,0,0,10,0
"754","F",2002,"S","Political Science","NONE",1,50,250,300,300,158
"148","F",1982,"D","Chemistry","MD",1,50,50,50,100,50
"861","F",2002,"S","English","NONE",1,0,0,0,0,0
"810","F",2002,"S","History","MFA",1,0,0,0,0,0
"397","F",1992,"M","Political Science","JD",1,75,85,100,0,0
"119","M",1972,"M","Economics-Business","NONE",1,275,300,325,350,375
"76","M",1972,"M","Economics-Business","NONE",1,0,0,251,0,200
"235","M",1982,"S","Biology","NONE",0,0,0,0,0,0
"1021","F",2012,"S","Chemistry","NDA",1,10,15,20,0,0
"70","F",1972,"D","History","NONE",1,0,0,0,200,0
"36","F",1972,"M","Education","ME",1,0,0,0,0,0
"23","M",1972,"M","Economics-Business","NONE",0,75,150,0,75,150
"763","M",2002,"M","Chemistry","NONE",1,100,255,155,150,100
"261","F",1982,"M","Spanish","JD",0,150,0,0,300,300
"288","M",1982,"M","Philosophy-Religion","JD",1,200,0,0,0,0
"900","F",2012,"M","Sociology","MD",1,10,15,35,20,50
"825","M",2002,"S","Economics","NONE",1,200,0,0,0,0
"627","F",2002,"S","Biology","NONE",1,50,25,40,40,40
"243","M",1982,"M","Economics","NONE",1,650,650,700,750,750
"538","M",1992,"M","American Studies","MA",1,200,200,200,200,200
"289","F",1982,"D","Sociology-Anthropology","JD",1,0,0,0,0,0
"121","M",1972,"D","Economics-Business","NONE",1,0,0,0,0,0
"519","F",1992,"M","Economics","MA",1,0,0,100,0,0
"738","M",2002,"M","Chemistry","MS",1,75,155,0,0,0
"394","F",1992,"S","French","NONE",0,0,0,0,0,0
"1172","F",2012,"S","Chemistry","MD",1,0,50,0,0,0
"81","F",1972,"M","Sociology","NONE",1,0,0,0,57,0
"841","F",2002,"S","English","NONE",1,0,0,0,0,0
"1004","M",2012,"S","English","NDA",1,30,40,50,0,0
"476","M",1992,"S","Political Science","JD",0,0,0,0,0,0
"786","F",2002,"S","English","MA",1,0,0,0,0,0
"533","M",1992,"M","Music","NONE",1,200,0,0,0,0
"1051","F",2012,"S","Physics","NONE",1,0,0,0,0,0
"86","F",1972,"M","Biology","NONE",0,1000,0,1000,1000,1000
"401","M",1992,"S","History","MA",1,120,140,160,160,160
"894","M",2012,"S","Religious Studies","NONE",1,0,0,0,0,0
"354","M",1992,"M","History","MA",1,60,75,75,75,125
"718","M",2002,"S","English","PHD",0,0,0,0,0,0
"953","F",2012,"S","Sociology","MBA",1,30,30,100,50,75
"814","F",2002,"M","English","TC",0,40,50,60,70,80
"479","F",1992,"D","History","NONE",1,200,250,500,750,600
"743","M",2002,"M","Psychology","ME",1,254,300,200,200,500
"1118","F",2012,"M","Physics","NONE",1,0,10,0,0,0
"775","M",2002,"M","Biology","NDA",1,0,255,0,0,0
"1142","F",2012,"M","French","UNKD",1,0,0,0,0,0
"1040","F",2012,"M","Anthropology","JD",1,30,50,50,50,50
"723","F",2002,"M","Economics","JD",1,250,250,250,250,250
"424","M",1992,"S","Psychology","NONE",0,0,0,0,0,0
"201","F",1982,"M","Sociology-Anthropology","NDA",1,75,75,75,50,75
"670","M",2002,"S","General Science-Math","NONE",0,0,0,0,0,0
"1072","F",2012,"S","Psychology","MSM",1,15,10,0,50,50
"115","M",1972,"M","History","JD",0,0,0,2000,2000,0
"967","F",2012,"S","English","NONE",1,0,0,0,50,0
"514","M",1992,"S","History","NONE",1,200,300,2073.97,2620,2740
"61","F",1972,"M","Music","NONE",1,0,50,0,0,0
"902","M",2012,"M","Religious Studies","MA",0,0,0,10,30,0
"38","M",1972,"M","History","UBDS",0,0,0,0,50,0
"1","M",1972,"M","History","LLB",1,12000,12060,1400,2500,2500
"921","F",2012,"S","Sociology","NONE",0,0,0,0,0,0
"1068","F",2012,"S","Political Science","MA",1,0,0,25,50,0
"604","M",2002,"M","Religious Studies","MA",1,50,50,160,160,50
"639","F",2002,"D","History","MA",1,0,0,0,0,0
"1039","F",2012,"S","Theatre","JD",1,0,0,0,0,0
"246","F",1982,"M","Economics","TC",1,100,55,55,55,75
"379","M",1992,"M","English","MFA",1,160,155,175,175,120
"114","F",1972,"M","Sociology","NONE",1,500,500,600,15634.5,1771.04
"991","M",2012,"S","General Science-Chemistry","NDA",0,0,0,160,0,0
"353","M",1992,"M","Music","NDA",1,50,0,0,0,0
"105","M",1972,"M","History","PHD",1,20000,0,10000,10000,11505.84
"173","F",1982,"D","Speech (Drama, etc.)","NONE",1,0,0,0,0,0
"122","F",1972,"M","Speech Correction","NONE",0,0,0,0,0,0
"509","F",1992,"M","Psychology","MSW",0,0,0,25,50,50
"200","M",1982,"M","Biology","MD",0,0,0,0,0,0
"816","F",2002,"M","Anthropology","NONE",0,0,0,0,0,0
"635","F",2002,"M","Biology","MA",1,275,0,0,150,0
"20","M",1972,"M","Philosophy-Religion","STM",0,100,100,100,100,100
"436","F",1992,"S","Psychology","MSW",0,0,0,0,0,0
"30","M",1972,"M","English","MA",1,0,0,0,0,0
"137","F",1982,"S","Biology","NONE",1,0,100,50,0,100
"1190","F",2012,"S","Sociology","NONE",1,10,10,10,10,10
"1063","F",2012,"S","Psychology","NONE",1,0,0,0,0,0
"73","M",1972,"M","Economics-Business","LLD",0,25,0,0,0,0
"106","F",1972,"S","History","NONE",0,0,0,0,0,0
"370","F",1992,"S","History","NONE",0,0,0,0,0,0
"892","F",2012,"M","Psychology","BN",1,0,5,0,10,0
"1074","M",2012,"M","Classics","JD",1,0,750,0,1000,1000
"1169","F",2012,"S","Sociology","NONE",0,0,0,0,0,0
"669","M",2002,"M","Psychology","PHD",1,55,60,60,60,75
"189","F",1982,"D","Political Science","ME",0,0,0,0,0,0
"981","M",2012,"M","Mathematics","NONE",1,175,160,200,200,250
"776","F",2002,"M","Biology","NONE",1,35,0,40,0,0
"437","M",1992,"D","Political Science","MA",1,0,0,0,0,0
"326","F",1982,"W","Speech (Drama, etc.)","NONE",1,100,200,200,250,250
"324","F",1982,"D","Biology","PHD",0,175,185,191,157,0
"827","M",2002,"S","History","NONE",1,0,0,0,0,0
"180","F",1982,"S","Philosophy","JD",0,0,0,50,50,0
"855","F",2002,"S","Psychology","MA",1,50,150,75,100,158
"704","M",2002,"M","Mathematics","MS",1,50,25,0,30,35
"463","F",1992,"S","Philosophy","JD",1,0,0,0,0,0
"643","F",2002,"M","Psychology","MA",0,20,10,0,0,15
"1082","F",2012,"S","Chemistry","MPH",1,5,10,10,0,25
"257","M",1982,"S","Sociology-Anthropology","MA",0,0,0,0,30,0
"863","F",2002,"S","French","MS",1,45,15,25,20,50
"721","F",2002,"M","Biology","MA",1,0,50,0,100,0
"807","M",2002,"S","Spanish","NONE",1,0,0,0,0,0
"1060","M",2012,"S","Computer Science","NONE",0,0,0,0,0,0
"505","M",1992,"M","History","MPA",1,50,35,50,75,158
"497","M",1992,"M","Theatre","MFA",1,100,50,50,50,50
"1144","M",2012,"S","Political Science","JD",1,0,0,0,50,0
"284","F",1982,"M","History","MA",0,0,150,200,0,0
"477","M",1992,"M","Economics","JD",0,0,200,200,200,200
"1033","F",2012,"S","Art","NDA",1,0,0,0,0,0
"706","F",2002,"M","Art","NONE",1,0,50,50,0,0
"126","M",1972,"M","Economics-Business","NONE",0,0,0,0,0,20
"765","F",2002,"S","English","NONE",0,0,0,0,0,0
"269","F",1982,"M","Music","MS",0,154,175,175,200,200
"1216","M",2012,"S","Economics","JD",1,25,10,50,50,50
"31","M",1972,"M","English","PHD",0,25,25,25,50,25
"254","F",1982,"M","Political Science","NONE",1,0,0,0,0,0
"60","M",1972,"M","History","BD",0,50,50,0,0,0
"1228","F",2012,"S","Spanish","NDA",0,20,20,20,20,10
"46","M",1972,"S","Economics-Business","PHD",0,0,0,0,0,0
"504","F",1992,"D","Art","TC",0,0,25,25,50,0
"806","F",2002,"S","Theatre","NONE",1,0,0,0,0,0
"72","M",1972,"M","Economics-Business","MA",1,0,0,0,1000,500
"1158","F",2012,"M","General Science-Biology","MD",1,0,0,0,0,0
"184","M",1982,"S","Sociology-Anthropology","MBA",1,250,136,170,35,385
"1026","F",2012,"M","Biology","DP",1,0,0,0,10,20
"348","F",1982,"S","German","BA",1,200,200,200,200,250
"1076","M",2012,"M","Economics","MBA",1,0,0,0,0,0
"34","F",1972,"M","Political Science","MS",0,0,0,0,200,0
"686","M",2002,"S","Art","NONE",1,50,100,100,0,0
"290","M",1982,"D","History","MBA",0,0,0,0,0,0
"248","F",1982,"D","English","NONE",1,15,20,20,20,10
"489","M",1992,"M","Chemistry","MD",1,1000,1000,1000,1000,1000
"817","F",2002,"M","Sociology","NONE",1,110,326,188,50,207
"155","M",1982,"S","Psychology","MD",0,0,0,0,0,0
"853","M",2002,"M","Chemistry","PHD",1,0,25,25,50,0
"87","M",1972,"M","Mathematics","NONE",1,200,250,300,300,300
"557","M",1992,"M","Economics","NONE",0,0,0,0,0,0
"556","M",1992,"M","History","NONE",0,220,220,250,157,158
"652","M",2002,"S","English","NONE",1,0,0,0,0,0
"1015","M",2012,"S","General Science-Chemistry","NONE",1,0,0,35,0,0
"156","F",1982,"M","History","MAT",1,100,400,500,500,0
"905","M",2012,"S","Classics","NONE",1,0,0,0,0,0
"473","M",1992,"D","Chemistry","NONE",0,0,0,0,100,0
"44","M",1972,"S","Economics-Business","NONE",0,40,35,35,35,35
"1137","M",2012,"M","American Studies","NONE",1,0,0,0,10,0
"642","F",2002,"M","French","NONE",1,50,50,10,50,0
"22","F",1972,"M","English","MA",1,300,350,400,500,500
"734","M",2002,"M","Philosophy","NONE",0,0,0,0,0,0
"1023","F",2012,"S","Independent","NONE",0,0,0,0,0,0
"277","M",1982,"M","Political Science","NONE",1,0,0,0,0,0
"973","M",2012,"S","English","NONE",0,0,0,0,0,0
"780","M",2002,"S","Art","NONE",0,0,0,0,0,0
"502","F",1992,"M","Anthropology","NONE",1,155,311,0,157,50
"1084","F",2012,"S","Political Science","MA",0,0,0,0,60,70
"181","F",1982,"M","Spanish","NONE",0,100,0,0,0,0
"854","M",2002,"M","Chemistry","NONE",1,0,0,0,0,0
"868","F",2002,"S","Independent","NONE",1,50,0,40,50,0
"99","M",1972,"M","Mathematics-Physics","NONE",1,6000,161370.06,2000,2500,0
"102","F",1972,"D","German","TC",1,100,310,200,50,158
"446","M",1992,"M","History","NONE",1,0,0,0,0,0
"330","M",1982,"M","Chemistry","MS",0,0,25,25,50,25
"18","M",1972,"M","Psychology","JD",0,154,160,156,157,158
"707","M",2002,"M","History","NONE",0,0,0,0,0,0
"420","M",1992,"M","Chemistry","NONE",0,350,400,0,0,0
"737","F",2002,"M","Russian","PHD",1,100,100,100,0,0
"1188","M",2012,"S","Sociology","NONE",0,0,0,0,0,0
"153","M",1982,"M","Economics","UMD",0,0,0,0,0,0
"573","M",1992,"M","History","TC",1,200,300,200,200,200
"1081","M",2012,"M","Economics","NONE",0,0,0,25,0,0
"1073","M",2012,"M","Mathematics","PHD",1,0,100,100,0,158
"405","M",1992,"M","Philosophy","JD",0,150,155,156,157,158
"266","F",1982,"D","French","MA",1,156,0,0,0,0
"812","M",2002,"M","Mathematics","NONE",1,0,0,0,0,0
"307","M",1982,"M","Psychology","UMD",1,75,155,156,157,500
"540","M",1992,"D","General Science-Biology","MS",0,0,0,100,0,175
"396","M",1992,"M","Biology","MBA",1,0,0,0,0,0
"39","M",1972,"M","Psychology","NONE",1,175,175,175,180,175
"13","M",1972,"M","Economics-Business","NONE",0,0,0,0,0,0
"483","F",1992,"M","English","NONE",1,100,100,156,255.9,175
"536","F",1992,"S","Anthropology","PHD",1,50,100,156,157,158
"1159","F",2012,"M","English","NONE",0,0,0,0,0,0
"147","M",1982,"D","Economics","NONE",0,0,100,0,100,0
"750","F",2002,"M","Psychology","MD",1,1000,1000,1200,1500,2500
"125","F",1972,"W","Education","NONE",1,100,100,50,50,50
"252","F",1982,"S","English","NONE",0,0,0,0,0,0
"410","M",1992,"M","American Studies","MS",0,10,15,30,10,20
"309","F",1982,"M","History","NONE",1,250,250,250,250,250
"747","F",2002,"M","American Studies","MA",0,30,0,30,0,30
"467","F",1992,"M","Political Science","JD",1,0,25,0,0,0
"400","F",1992,"M","American Studies","JD",1,154,155,156,157,158
"739","F",2002,"M","French","MA",1,76,77,80,50,25
"522","F",1992,"S","Independent","NONE",1,0,0,0,0,0
"728","M",2002,"M","Psychology","NONE",1,0,0,0,0,0
"992","F",2012,"S","American Studies","MBA",1,0,0,0,0,0
"682","F",2002,"M","Biology","MD",0,400,500,500,600,600
"231","F",1982,"S","Sociology-Anthropology","JD",1,500,300,450,500,500
"320","M",1982,"W","Economics","NONE",0,250,250,260,275,275
"1012","M",2012,"S","Biology","NONE",0,0,0,0,0,0
"555","F",1992,"D","Religious Studies","NONE",0,0,0,0,0,0
"417","M",1992,"M","Anthropology","TC",1,26,26,26,0,26
"8","F",1972,"M","Music","NONE",0,100,100,100,100,100
"661","M",2002,"M","Mathematics","MS",1,100,50,0,50,50
"942","M",2012,"S","Independent","MA",0,0,20,30,25,30
"629","M",2002,"S","Sociology","NONE",0,0,0,0,0,0
"1046","M",2012,"S","Biology","NONE",1,10,5,10,10,5
"717","F",2002,"M","Psychology","NONE",0,0,0,0,0,0
"693","M",2002,"S","Theatre","NONE",0,0,0,50,0,0
"347","M",1982,"M","Mathematics","PHD",0,0,0,0,0,0
"655","M",2002,"S","Religious Studies","NONE",1,0,25,0,0,0
"987","F",2012,"S","Anthropology","TC",0,0,0,0,0,0
"272","M",1982,"M","Psychology","PHD",1,200,200,200,250,250
"1180","M",2012,"M","Economics","NONE",1,0,0,0,50,0
"730","M",2002,"M","Economics","MA",1,250,0,0,0,0
"507","F",1992,"M","Anthropology","MSW",1,100,155,100,157,158
"503","F",1992,"S","Biology","MD",1,0,0,0,20,0
"315","M",1982,"M","Psychology","BA",1,0,0,0,0,0
"260","M",1982,"M","Economics","MA",1,0,0,0,0,0
"822","F",2002,"S","Anthropology","NONE",0,0,0,0,0,0
"118","M",1972,"M","Psychology","PHD",1,100,200,100,100,100
"1099","M",2012,"S","Psychology","NDA",1,25,0,0,0,0
"464","M",1992,"M","English","MBA",1,0,0,0,0,0
"281","F",1982,"M","English","MA",0,154,155,156,0,0
"185","M",1982,"M","History","PHD",1,0,0,0,0,0
"498","M",1992,"M","Mathematics","TC",1,0,0,0,0,0
"96","M",1972,"D","Zoology","DO2",0,55,0,0,0,0
"878","M",2012,"S","Independent","MA",1,0,20,0,0,20
"1176","M",2012,"M","Computer Science","NONE",1,160,1000,1000,0,158
"240","M",1982,"M","Chemistry","PHD",1,0,400,200,200,200
"968","M",2012,"S","Psychology","MS",1,0,0,0,0,0
"598","F",2002,"M","Mathematics","MS",1,75,100,0,100,120
"57","F",1972,"D","French","NONE",1,400,350,350,0,0
"932","F",2012,"S","History","NONE",0,0,0,0,0,0
"491","M",1992,"M","Political Science","NONE",1,0,0,0,250,250
"107","M",1972,"M","Philosophy-Religion","NONE",1,100,100,100,100,100
"386","M",1992,"M","English","MA",0,0,0,0,0,0
"741","M",2002,"S","History","NONE",0,0,0,0,0,0
"186","M",1982,"M","Philosophy-Religion","MD2",0,0,0,156,200,200
"403","F",1992,"M","General Science","NONE",0,0,0,0,0,0
"560","M",1992,"M","English","JD",1,200,250,250,250,250
"768","F",2002,"M","Psychology","NONE",1,0,0,0,0,0
"583","F",1992,"M","Spanish","TC",1,200,200,155,0,0
"912","F",2012,"M","American Studies","NDA",1,50,0,10,25,75
"828","M",2002,"M","French","NONE",0,250,250,0,0,0
"821","F",2002,"S","Anthropology","NONE",1,0,0,0,0,0
"140","M",1982,"M","Economics","MM",0,0,0,0,0,0
"702","M",2002,"M","Art","MA",1,200,150,50,50,158
"831","M",2002,"S","English","MA",1,0,0,0,0,0
"938","M",2012,"S","Religious Studies","NDA",0,0,20,0,20,20
"1211","M",2012,"M","Economics","NONE",1,0,0,0,0,0
"1105","F",2012,"S","Anthropology","NDA",1,35,40,35,40,40
"1007","M",2012,"S","American Studies","NONE",0,0,0,0,0,0
"295","F",1982,"M","Economics","MA",0,0,0,0,0,0
"278","M",1982,"M","Economics-Regional Stds.","MS",1,0,0,0,0,0
"1108","F",2012,"S","Russian","NONE",0,0,10,0,0,0
"413","F",1992,"M","Biology","MS",1,0,0,50,0,0
"310","F",1982,"M","Classics","PHD",1,100,155,156,157,160
"336","M",1982,"M","Biology","MD",1,125,125,100,0,100
"430","M",1992,"M","Biology","MD",0,0,0,0,0,0
"1131","F",2012,"S","History","MFA",1,0,10,0,10,15
"569","M",1992,"M","History","NONE",1,0,0,40,0,0
"176","M",1982,"M","History","MA",1,0,0,0,50,50
"416","F",1992,"S","Political Science","NONE",0,0,0,0,0,0
"1113","M",2012,"S","Chemistry","PHD",1,0,0,10,10,50
"113","M",1972,"S","Economics-Business","NONE",1,0,0,0,0,0
"475","F",1992,"M","Psychology","ME",1,0,0,0,0,0
"454","M",1992,"M","Russian","NONE",1,300,300,300,300,300
"71","M",1972,"M","Economics-Business","NONE",0,0,0,0,0,0
"701","F",2002,"M","Chemistry","NONE",1,154,355,156,157,158
"636","F",2002,"M","English","UNKD",0,0,25,25,0,25
"423","M",1992,"M","English","MA",1,200,200,155,0,0
"1134","F",2012,"S","Biology","NDA",1,10,10,20,20,15
"75","F",1972,"M","Sociology","NONE",1,100,300,200,200,300
"1027","F",2012,"M","History","MA",1,20,0,20,25,0
"667","M",2002,"S","Economics","NONE",0,0,0,0,0,0
"794","M",2002,"M","Mathematics","TC",0,0,0,0,0,0
"16","F",1972,"M","Comparative Literature","NONE",1,0,0,0,0,0
"1092","F",2012,"M","Political Science","NONE",1,40,155,156,157,158
"916","M",2012,"M","Biology","DDS",1,10,10,50,30,50
"1229","F",2012,"S","Spanish","NONE",0,0,10,0,0,25
"21","F",1972,"M","Sociology","NONE",0,0,50,50,150,0
"793","M",2002,"M","French","NDA",1,0,0,0,0,0
"2","M",1972,"M","Physics","MS",1,10000,5000,5000,5000,5000
"842","M",2002,"S","Economics","NONE",0,0,0,0,0,0
"948","F",2012,"S","History","MA",1,0,0,0,0,20
"350","F",1992,"S","Anthropology","BSN",1,0,15,25,0,25
"459","F",1992,"D","Chemistry","PHD",1,154,300,350,157,200
"708","F",2002,"M","Sociology","MS",0,1000,1500,0,1500,250
"4","M",1972,"M","History","NONE",1,0,200,200,5100,0
"360","F",1992,"S","Religious Studies","MD2",1,100,0,0,0,0
"117","M",1972,"M","Economics-Business","MBA",1,1000,1000,1000,1500,1500
"443","F",1992,"M","Economics","MA",1,50,0,0,0,0
"940","M",2012,"S","Independent","NDA",0,0,5,0,10,0
"387","F",1992,"M","English","UBDS",1,0,0,0,0,0
"998","F",2012,"M","Political Science","JD",0,0,0,200,200,0
"646","F",2002,"S","Biology","NONE",1,30,0,35,0,50
"54","M",1972,"M","Biology","NONE",0,0,25,50,100,0
"237","F",1982,"S","Sociology-Anthropology","MSW",0,0,0,0,0,0
"1123","F",2012,"D","French","MA",1,0,0,0,0,0
"919","F",2012,"M","Sociology","JD",0,0,0,25,20,0
"51","M",1972,"M","Music","MA",0,0,100,0,0,100
"466","F",1992,"M","General Science","ME",1,100,30,110,125,0
"512","M",1992,"M","Chemistry","PHD",0,154,155,50,50,50
"374","F",1992,"S","Religious Studies","NONE",0,0,0,0,0,0
"393","F",1992,"M","History","NONE",0,154,0,75,0,0
"846","F",2002,"S","Biology","MD",1,25,0,0,0,0
"1061","F",2012,"M","History","MA",1,0,10,25,0,10
"1221","M",2012,"S","Political Science","NDA",0,0,0,0,0,5
"1091","F",2012,"M","English","MA",1,0,0,0,0,0
"662","F",2002,"S","Economics","MBA",1,0,0,0,0,0
"931","F",2012,"M","Independent","NONE",1,0,0,0,0,0
"313","M",1982,"M","English","JD",1,0,0,0,0,0
"1119","M",2012,"S","Biology","NDA",1,25,0,50,25,0
"279","F",1982,"M","Political Science","UMDS",0,50,100,50,50,0
"49","F",1972,"M","History","JD",1,300,160,202,250,250
"856","M",2002,"S","Anthropology","NONE",1,0,0,0,0,0
"74","M",1972,"M","Economics-Business","JD",1,0,155,0,157,158
"1067","M",2012,"S","Political Science","NDA",1,5,5,5,5,5
"429","F",1992,"S","American Studies","TC",1,1000,200,1250,300,2600
"935","F",2012,"S","Psychology","NONE",1,0,0,0,0,0
"909","M",2012,"M","Political Science","NONE",0,100,0,0,0,0
"808","F",2002,"M","Political Science","NONE",1,0,0,0,0,0
"1225","F",2012,"S","Music","PHD",1,5,0,10,0,0
"542","M",1992,"M","History","MA",1,100,110,50,25,0
"1219","M",2012,"M","Sociology","ME",1,154,25,25,157,158
"742","M",2002,"M","Chemistry","NONE",1,275,275,300,350,400
"936","M",2012,"M","Art","MFA",1,0,0,0,0,10
"1127","F",2012,"S","Biology","MD",0,0,0,0,0,0
"611","M",2002,"S","English","NONE",1,0,0,0,0,0
"68","M",1972,"M","Music","MA",1,250,250,200,400,200
"143","F",1982,"M","Sociology-Anthropology","ME",0,154,0,0,0,0
"617","F",2002,"M","Anthropology","ME",1,75,150,100,100,120
"1179","M",2012,"S","English","NONE",1,50,50,0,0,50
"745","F",2002,"M","Religious Studies","JD",1,125,200,200,200,75
"614","M",2002,"M","Economics","MBA",1,154,155,156,157,158
"365","F",1992,"M","Economics","JD",0,154,155,156,157,0
"131","M",1982,"M","Political Science","ML",1,1000,1000,2000,2000,5000
"603","F",2002,"S","History","BS",1,100,155,200,500,500
"917","M",2012,"M","Music","NONE",0,0,0,0,0,0
"1143","F",2012,"M","Anthropology","NONE",1,20,20,25,25,25
"283","F",1982,"D","Psychology","NONE",1,75,75,0,75,100
"1205","M",2012,"S","Economics","JD",0,0,35,0,0,0
"169","M",1982,"M","History","PHD",0,0,0,0,0,0
"883","F",2012,"S","History","NDA",1,0,0,0,0,0
"805","F",2002,"M","History","NONE",0,20,25,0,0,0
"580","F",1992,"M","Independent","MA",1,250,250,300,300,250
"453","F",1992,"M","Economics","PHD",1,1000,400,1000,600,1200
"1178","M",2012,"S","Mathematics","MFA",1,50,30,50,50,50
"724","F",2002,"S","Sociology","MS",1,0,0,0,0,0
"1139","M",2012,"M","Economics","NONE",1,154,155,156,0,158
"1122","M",2012,"S","Theatre","NDA",0,0,0,0,0,0
"160","F",1982,"M","English","MA",0,25,25,25,10,25
"245","M",1982,"M","Biology","NONE",0,0,0,0,0,0
"384","M",1992,"M","English","MA",1,1500,500,1500,2500,3000
"904","F",2012,"M","Chemistry","PHD",0,0,30,40,0,75
"631","F",2002,"M","Art","MS",1,75,100,20,0,0
"227","F",1982,"M","Sociology-Anthropology","MA",0,0,20,18,18,18
"456","M",1992,"S","English","NONE",0,0,0,0,0,0
"174","F",1982,"M","English","TC",0,0,0,0,5,0
"428","F",1992,"M","Religious Studies","PHD",1,0,0,0,0,0
"520","M",1992,"S","Anthropology","NONE",0,0,0,0,0,0
"444","M",1992,"M","Biology","MD",1,50,50,500,100,158
"929","M",2012,"M","Biology","MA",1,0,0,0,0,0
"606","M",2002,"M","Physics","MS",1,50,50,50,0,50
"752","F",2002,"M","Art","NONE",0,0,0,0,0,0
"908","F",2012,"S","Anthropology","NDA",1,10,10,50,50,100
"858","F",2002,"S","Philosophy","MA",0,0,0,0,0,0
"366","F",1992,"M","Russian","MPH",1,0,10,20,0,0
"450","F",1992,"W","Biology","JD",1,0,0,0,0,2000
"511","F",1992,"M","Psychology","MPH",0,50,100,50,0,50
"711","F",2002,"M","Theatre","MFA",0,0,0,0,0,0
"985","F",2012,"S","English","JD",0,0,0,0,0,0
"1045","M",2012,"S","Biology","MD",0,0,5,0,0,0
"663","F",2002,"M","Chemistry","NONE",1,30,0,20,0,0
"709","M",2002,"M","History","JD",1,1250,2675,1500,2000,2716
"340","M",1982,"S","Psychology","MS",0,100,100,100,125,150
"608","F",2002,"M","Political Science","MA",1,50,50,50,75,75
"979","M",2012,"M","Biology","JD",1,0,0,0,0,0
"588","F",1992,"M","Biology","PHD",1,75,0,0,0,100
"378","M",1992,"S","Art","MBA",0,0,0,0,100,100
"67","F",1972,"S","Sociology","NONE",0,50,100,0,50,0
"1173","M",2012,"S","Anthropology","NONE",0,0,0,0,0,0
"990","F",2012,"S","Economics","NONE",1,0,0,0,0,0
"1187","F",2012,"M","Political Science","JD",1,50,65,75,157,158
"546","M",1992,"M","Economics","MBA",0,154,155,25,0,0
"962","M",2012,"M","Theatre","MFA",0,0,0,0,0,0
"318","M",1982,"M","Biology","UBDS",0,0,0,0,0,0
"1028","M",2012,"S","Computer Science","NONE",0,20,80,160,320,0
"524","F",1992,"M","Music","MS",1,160,155,175,175,120
"535","M",1992,"S","Biology","MD",0,0,0,0,2000,0
"205","M",1982,"M","Psychology","PHD",0,0,0,0,0,0
"132","M",1982,"M","Speech (Drama, etc.)","JD",1,16959.99,14466.81,11187.26,14776,14655.25
"45","M",1972,"M","English","JD",1,175,200,200,450,900
"623","F",2002,"M","Psychology","NONE",0,0,50,25,25,25
"381","F",1992,"S","History","TC",0,0,0,0,0,0
"781","M",2002,"M","Psychology","UNKD",1,87,100,0,100,100
"193","F",1982,"M","French","MA",0,154,200,200,200,200
"1189","F",2012,"M","Chemistry","MD",1,0,15,20,0,0
"5","M",1972,"M","Biology","MD",1,1000,1005,1000,1000,1000
"838","F",2002,"S","English","NONE",0,0,0,0,0,0
"37","M",1972,"M","Mathematics-Physics","PHD",0,25,50,25,0,0
"1018","F",2012,"M","English","JD",1,20,25,10,25,50
"1198","M",2012,"S","Psychology","NONE",0,0,0,0,0,0
"928","F",2012,"S","Sociology","NDA",1,0,0,0,0,50
"625","F",2002,"M","Psychology","MA",1,50,75,50,75,50
"63","M",1972,"M","History","MD2",0,0,100,100,100,0
"1124","M",2012,"S","English","NONE",0,0,0,25,30,30
"78","M",1972,"M","English-Journalism","NONE",1,25,60,74.68,1500,237.76
"585","F",1992,"M","Spanish","NONE",1,254,0,50,75,150
"1116","F",2012,"S","Psychology","NONE",0,0,0,0,10,0
"1117","F",2012,"S","Philosophy","NONE",1,10,0,0,0,0
"1022","F",2012,"S","History","JD",0,0,0,0,0,0
"887","M",2012,"D","Chemistry","NDA",0,40,50,0,0,0
"561","F",1992,"M","Economics","UMD",0,50,50,0,0,50
"877","M",2012,"M","Independent","NDA",0,0,0,0,0,0
"228","F",1982,"M","English","MLS",0,0,0,0,0,0
"601","M",2002,"S","Economics","NONE",0,0,0,0,0,0
"945","F",2012,"S","Biology","NDA",0,0,0,34.12,32.71,29.47
"789","F",2002,"S","Anthropology","TC",0,0,0,0,0,0
"879","F",2012,"M","Biology","NDA",0,30,40,0,0,0
"392","F",1992,"M","American Studies","MS",0,100,100,100,0,0
"811","M",2002,"S","Theatre","NONE",0,0,0,0,0,0
"659","M",2002,"M","Biology","JD",1,110,326,188,50,207
"441","M",1992,"M","General Science-Biology","MA",0,0,25,25,0,0
"946","M",2012,"S","Political Science","NONE",1,0,0,0,0,0
"234","M",1982,"M","Biology","PHD",1,0,0,0,0,0
"88","M",1972,"W","Art","NONE",1,0,0,0,0,0
"50","M",1972,"M","Biology","PHD",1,0,200,225,250,200
"150","F",1982,"S","English","MA",1,150,155,300,350,0
"1062","M",2012,"M","History","MA",1,50,0,75,157,158
"867","M",2002,"M","Biology","PHD",0,50,50,50,0,0
"1064","M",2012,"S","Political Science","MPA",1,0,25,25,0,25
"521","F",1992,"M","General Science-Biology","BSN",0,100,100,200,200,100
"1181","M",2012,"M","Political Science","JD",1,25,500,25,0,300
"1196","M",2012,"S","German","MLS",1,20,0,20,30,100
"282","M",1982,"S","Political Science","NONE",0,0,0,0,0,0
"720","F",2002,"M","Physics","MS",1,154,93.82,1285.38,1623,1936.8
"142","M",1982,"M","History","NONE",1,154,200,0,200,0
"411","M",1992,"M","Classics","NONE",0,0,0,250,0,175
"328","M",1982,"M","Chemistry","PHD",0,250,250,250,0,200
"589","F",1992,"D","Sociology","NONE",1,0,0,0,0,0
"298","F",1982,"M","American Studies","MA",1,0,100,100,200,250
"287","M",1982,"M","Music","MAT",0,0,0,0,0,25
"399","M",1992,"S","Economics","MBA",1,50,200,0,0,0
"705","M",2002,"M","Chemistry","MD",1,200,0,0,200,0
"567","M",1992,"M","Economics","UMD",1,0,0,0,0,0
"103","M",1972,"M","Economics-Business","MPA",1,50,50,50,50,100
"1220","F",2012,"M","Political Science","NDA",1,175,160,200,200,250
"978","F",2012,"M","Biology","MD",0,0,0,0,0,10
"460","F",1992,"M","Political Science","NONE",0,0,0,0,0,15
"712","M",2002,"S","Chemistry","NONE",1,0,0,0,0,0
"596","F",2002,"M","Economics","JD",1,275,300,200,300,0
"109","M",1972,"D","Psychology","UNKD",0,40,40,40,50,225
"582","M",1992,"M","Biology","MD",0,0,0,0,0,50
"224","F",1982,"M","Sociology-Anthropology","MA",0,50,50,0,50,50
"300","M",1982,"M","Chemistry","PHD",0,100,310,100,100,125
"840","M",2002,"M","Biology","NONE",1,0,0,0,0,0
"139","M",1982,"M","Chemistry","UDDS",0,0,0,0,0,0
"1025","M",2012,"S","Chemistry","NONE",1,5,0,0,0,0
"490","M",1992,"S","History","JD",1,50,50,50,50,50
"759","F",2002,"M","Chemistry","NONE",0,0,0,0,0,0
"630","M",2002,"M","Chemistry","NONE",1,0,0,0,0,0
"345","F",1982,"M","Biology","PHD",1,100,155,156,0,0
"975","F",2012,"M","History","JD",1,20,20,25,30,100
"1109","F",2012,"S","Political Science","NONE",1,0,0,0,0,0
"995","F",2012,"M","Political Science","NDA",1,0,0,0,0,0
"426","M",1992,"M","History","JD",0,0,0,0,0,0
"1193","F",2012,"S","Biology","MA",1,0,20,0,50,0
"355","M",1992,"M","Biology","PHD",1,0,0,0,0,0
"645","M",2002,"M","History","JD",1,100,110,125,125,158
"847","F",2002,"M","Biology","MD",1,100,155,156,157,158
"729","M",2002,"M","Political Science","NONE",1,500,0,0,167,200
"696","F",2002,"S","Psychology","MA",1,500,1000,500,0,500
"551","F",1992,"M","Art","NONE",0,0,0,0,0,0
"618","F",2002,"M","Art","MA2",1,0,0,0,0,0
"79","F",1972,"M","Psychology","NONE",1,0,0,0,0,0
"735","M",2002,"S","Economics","MFA",1,0,20,20,0,0
"1168","F",2012,"S","Spanish","MD2",0,0,0,0,0,10
"691","F",2002,"M","Mathematics","MBA",1,100,300,100,100,100
"247","M",1982,"M","French","NONE",1,350,350,350,350,350
"1058","F",2012,"M","English","MA",1,0,0,20,25,0
"1183","F",2012,"S","Anthropology","MA",1,25,35,40,0,35
"146","M",1982,"M","Mathematics","MS",1,154,210,150,157,310
"566","M",1992,"S","History","JD",1,0,0,0,0,0
"1024","F",2012,"S","Theatre","NONE",0,0,10,0,0,0
"543","F",1992,"S","Sociology","AA",1,50,50,50,50,50
"110","M",1972,"M","English","MS",0,0,0,0,50,50
"325","F",1982,"M","American Studies","BSN",1,50,259.88,261.84,270.04,275.81
"389","F",1992,"S","History","NDA",1,0,0,0,0,0
"187","M",1982,"M","Philosophy-Religion","NONE",1,0,0,0,0,0
"1003","M",2012,"S","English","NONE",0,0,0,0,0,0
"563","F",1992,"S","Sociology","MA",0,0,0,0,0,0
"209","M",1982,"M","Biology","MD",1,105,150,150,100,100
"329","M",1982,"M","Mathematics","MBA",0,154,311,1,157,158
"341","M",1982,"D","Political Science","MA",0,300,500,400,400,400
"1203","M",2012,"M","Music","MA",1,0,10,0,0,0
"233","F",1982,"D","Speech Correction","NONE",1,0,0,0,0,0
"470","M",1992,"M","Economics","JD",0,0,0,35,40,0
"837","F",2002,"M","German","NONE",0,0,0,0,0,0
"1214","M",2012,"M","Anthropology","NONE",1,0,20,25,50,50
"911","M",2012,"S","Physics","NONE",1,0,0,0,0,0
"342","M",1982,"S","Mathematics","NONE",0,154,155,156,157,158
"100","F",1972,"M","Speech Correction","NONE",0,25,25,25,0,0
"918","F",2012,"S","Chemistry","PHD",1,0,20,25,0,25
"1098","M",2012,"S","Biology","NDA",1,0,10,0,0,0
"690","F",2002,"M","History","MPA",1,25,25,0,0,25
"957","M",2012,"S","Music","NONE",1,0,75,0,0,0
"77","F",1972,"M","Physical Education","NONE",1,200,200,200,750,250
"418","M",1992,"M","History","JD",1,100,200,250,200,200
"267","M",1982,"M","Chemistry","MD",0,154,155,0,0,158
"1217","M",2012,"S","History","NONE",0,25,50,0,0,0
"1066","F",2012,"M","Political Science","JD",1,50,50,50,50,50
"69","M",1972,"D","Political Science","MA",1,154,310,156,157,158
"175","M",1982,"M","History","MA",1,60,50,50,50,50
"508","M",1992,"M","History","JD",1,175,175,200,200,200
"965","F",2012,"M","French","MBA",1,0,0,0,0,0
"236","F",1982,"M","Psychology","NONE",1,100,250,0,250,500
"870","F",2012,"S","Theatre","NONE",0,0,0,0,0,0
"166","M",1982,"M","History","NONE",0,0,0,0,0,0
"462","M",1992,"M","Biology","MD",0,0,0,0,0,0
"136","F",1982,"M","History","MS",1,0,0,300,500,500
"496","M",1992,"M","General Science-Biology","MS",1,0,0,45,156,158
"851","M",2002,"M","History","NONE",1,0,0,0,0,0
"225","F",1982,"M","English","MSW",1,0,0,0,0,0
"964","F",2012,"S","Philosophy","MS",1,0,0,10,0,0
"644","F",2002,"S","Anthropology","JD",0,0,0,0,0,0
"215","M",1982,"M","Political Science","JD",0,0,25,0,100,100
"1036","F",2012,"S","Biology","MS",0,0,10,10,0,0
"897","M",2012,"M","Physics","NONE",0,0,0,0,0,0
"925","M",2012,"S","Economics","NONE",0,0,0,0,0,0
"886","F",2012,"S","Biology","MA",1,0,0,0,0,0
"128","M",1982,"M","Philosophy-Religion","PHD",1,0,0,0,0,0
"545","M",1992,"S","Economics","JD",0,1000,1000,0,0,0
"434","M",1992,"M","Political Science","JD",1,0,20,0,0,0
"116","M",1972,"M","Mathematics","PHD",1,175,0,0,100,258
"104","M",1972,"M","Psychology","TC",1,100,100,156,157,158
"1126","F",2012,"S","English","ME",1,0,10,25,0,0
"207","F",1982,"S","Psychology","MA",1,0,0,0,0,0
"896","M",2012,"S","Psychology","NDA",1,0,10,0,0,0
"449","F",1992,"M","English","NONE",0,50,50,0,125,25
"1103","M",2012,"S","Religious Studies","NONE",1,0,0,0,50,100
"141","M",1982,"M","English","JD",1,1000,1039,1006,114,0
"581","F",1992,"M","Art","UMD",1,15,0,0,0,20
"571","M",1992,"M","Biology","PHD",1,250,250,250,250,350
"576","M",1992,"M","Biology","DO",1,0,0,0,0,0
"865","M",2002,"S","History","NONE",1,10,0,10,15,30
"134","M",1982,"M","Economics","JD",0,330.1,515.06,512.55,537.64,577.85
"1093","M",2012,"S","French","NONE",0,40,20,25,0,25
"163","M",1982,"D","Chemistry","UDDS",1,200,200,156,0,250
"674","F",2002,"S","Mathematics","PHD",1,45,50,50,30,25
"1163","F",2012,"S","Sociology","NONE",1,0,0,0,0,0
"64","M",1972,"M","Economics-Business","NONE",1,0,0,0,0,0
"1215","M",2012,"M","Music","NONE",1,10,10,10,25,30
"438","M",1992,"M","Art","NONE",1,75,75,75,75,100
"941","F",2012,"S","Anthropology","NDA",1,0,20,0,10,0
"994","M",2012,"S","Art","NONE",0,0,0,0,0,0
"749","F",2002,"M","Chemistry","PHD",1,15,15,0,0,0
"525","F",1992,"M","Psychology","PHD",1,154,155,156,0,0
"1182","M",2012,"S","Economics","NONE",1,0,0,0,0,158
"361","M",1992,"D","Philosophy","JD",1,0,0,0,0,0
"757","F",2002,"M","Biology","PHD",1,76.5,50,50,0,100
"920","M",2012,"M","Economics","NDA",0,0,20,36,0,0
"1149","F",2012,"M","Art","MA",1,0,0,0,20,0
"876","M",2012,"S","Physics","MS",0,25,25,20,10,25
"678","M",2002,"M","Biology","MAT",1,0,0,0,0,0
"129","M",1982,"M","Political Science","JD",1,0,0,0,0,0
"391","M",1992,"S","Theatre","MFA",1,0,25,50,50,25
"1197","M",2012,"M","Economics","NONE",0,50,0,155,0,0
"94","M",1972,"M","Economics-Business","PHD",0,0,0,0,0,0
"1141","M",2012,"S","History","NDA",0,10,10,0,10,10
"773","F",2002,"M","French","PHD",1,0,60,70,75,75
"494","F",1992,"M","English","MBA",0,0,0,0,0,0
"1145","F",2012,"S","Sociology","NONE",0,0,0,0,0,0
"299","F",1982,"M","History","MA",0,100,310,100,100,125
"960","M",2012,"S","Economics","NONE",0,0,0,0,0,0
"665","F",2002,"M","Chemistry","PHD",1,50,50,50,50,0
"895","M",2012,"S","History","NONE",1,0,0,0,0,0
"92","M",1972,"M","Sociology","MAT",1,50,100,50,100,100
"586","F",1992,"S","Anthropology","JD",1,100,50,50,50,50
"15","F",1972,"M","English","MLS",1,1000,1500,1500,1500,1500
"14","M",1972,"M","Biology","PHD",1,1000,1500,1500,1500,1500
"1079","F",2012,"S","French","NONE",0,0,0,0,0,0
"402","M",1992,"S","History","MHA",1,150,155,50,157,250
"632","F",2002,"S","English","JD",1,250,0,0,0,1400
"857","M",2002,"S","English","MBA",1,100,155,175,175,175
"415","M",1992,"M","English","NONE",0,0,0,0,0,0
"26","M",1972,"M","Physical Education","MA",0,0,0,0,50,0
"322","M",1982,"M","Chemistry","NONE",0,0,0,0,0,0
"280","M",1982,"M","Chemistry","PHD",0,154,155,156,0,0
"337","F",1982,"D","Biology","NONE",0,0,0,0,0,0
"664","M",2002,"S","Mathematics","MBA",1,500,0,0,1000,1000
"1213","F",2012,"S","Anthropology","NDA",0,0,0,0,0,0
"710","F",2002,"S","Mathematics","MS",1,45,45,50,50,65
"1157","M",2012,"S","Economics","JD",1,50,50,100,100,100
"7","F",1972,"S","History","MA",0,0,0,0,0,0
"898","F",2012,"M","Chemistry","MD",0,0,0,0,0,0
"55","F",1972,"D","Art","UNKD",1,10,20,10,15,15
"493","F",1992,"S","Russian","ME",1,50,75,50,75,0
"3","F",1972,"M","Music","NONE",1,10000,5000,5000,5000,5000
"695","M",2002,"S","Engineering","MA",0,0,0,100,0,0
"195","M",1982,"M","Speech (Drama, etc.)","PHD",1,250,250,250,250,250
"746","M",2002,"M","Biology","PHD",1,154,93.82,1285.38,1623,1936.8
"927","M",2012,"S","Music","UNKD",1,0,0,0,0,0
"182","F",1982,"M","English","NONE",0,0,0,0,0,200
"1035","M",2012,"M","Chemistry","MS",1,5,25,25,25,10
"1174","M",2012,"S","Independent","NDA",1,0,0,0,0,0
"1009","F",2012,"S","Biology","NONE",0,0,0,0,0,0
"722","F",2002,"S","American Studies","MLS",0,50,50,0,0,0
"1032","F",2012,"S","Sociology","NONE",0,0,0,0,0,0
"871","M",2012,"M","Chemistry","NONE",0,0,0,0,0,0
"421","M",1992,"M","Physics","PHD",0,25,0,50,0,100
"375","F",1992,"M","Biology","MS",0,51,55,55,0,55
"565","M",1992,"S","Psychology","ME",1,0,50,0,100,158
"178","M",1982,"D","English","UDDS",0,125,100,0,100,0
"1202","F",2012,"M","Spanish","NONE",0,0,0,0,0,0
"364","F",1992,"M","Independent","MFA",1,10,0,50,50,60
"335","M",1982,"S","Economics","NONE",0,0,0,0,0,0
"293","M",1982,"M","Political Science","JD",1,200,220,450,100,1500
"1160","F",2012,"M","Psychology","NDA",0,0,0,0,0,0
"1152","M",2012,"S","English","NONE",1,50,50,75,80,0
"673","M",2002,"M","Economics","NONE",1,0,0,50,0,0
"161","F",1982,"M","American Studies","MS",1,0,100,100,100,100
"795","F",2002,"S","American Studies","NONE",1,154,155,0,0,0
"230","F",1982,"M","Sociology-Anthropology","PHD",0,25,25,25,0,25
"1175","F",2012,"S","Art","NONE",0,10,10,10,10,10
"151","M",1982,"M","Philosophy-Religion","MA",0,0,0,0,0,0
"382","M",1992,"M","English","MA",1,0,25,0,0,0
"660","F",2002,"S","American Studies","ME",1,0,0,0,0,0
"829","F",2002,"M","Mathematics","MA",1,0,50,0,50,79
"1210","M",2012,"M","General Science-Physics","NONE",0,0,0,0,0,0
"302","M",1982,"M","Philosophy","JD",1,250,275,150,200,158
"534","M",1992,"M","Chemistry","PHD",0,210,215,215,0,215
"204","F",1982,"D","English","MFA",0,0,55,0,67,37
"872","F",2012,"S","Spanish","NONE",0,0,0,0,0,0
"826","M",2002,"S","Religious Studies","NONE",0,0,55,0,70,50
"356","M",1992,"M","Psychology","PHD",1,1000,1000,1000,1500,1500
"1194","M",2012,"S","Mathematics","NONE",1,0,15,15,0,15
"531","M",1992,"M","Mathematics","PHD",1,0,0,0,0,0
"1128","M",2012,"S","Physics","MS",1,20,20,0,0,20
"532","M",1992,"M","Political Science","JD",1,154,155,156,0,0
"783","F",2002,"M","Biology","PHD",1,125,50,0,75,75
"906","M",2012,"S","Sociology","NONE",0,0,0,0,0,0
"425","F",1992,"M","Art","NONE",0,0,0,0,0,0
"203","F",1982,"S","Music","MAT",1,154,155,156,157,0
"771","M",2002,"S","Chemistry","MD",0,0,0,0,0,0
"183","M",1982,"D","History","JD",1,0,0,0,0,0
"1120","F",2012,"S","Computer Science","NONE",1,0,0,0,50,0
"482","M",1992,"S","Independent","NONE",0,0,0,0,0,0
"407","F",1992,"M","Religious Studies","MD2",0,0,0,0,0,0
"688","M",2002,"S","Economics","NONE",0,0,0,0,0,0
"1030","M",2012,"S","Economics","NONE",1,0,0,0,0,0
"612","F",2002,"M","English","NONE",0,0,0,0,0,0
"1133","F",2012,"S","American Studies","NONE",1,0,0,15,25,0
"1209","F",2012,"S","History","NONE",1,30,31,40,0,0
"53","M",1972,"M","Psychology","MS",1,50,50,50,55,50
"901","M",2012,"S","Anthropology","NONE",1,0,0,0,0,0
"907","F",2012,"S","Religious Studies","NONE",1,0,0,0,0,0
"242","F",1982,"S","Pol. Sci.-Regional Stds.","ME",1,0,0,0,0,0
"996","M",2012,"S","Economics","NONE",0,0,0,0,0,0
"597","M",2002,"M","General Science-Biology","NONE",1,50,50,50,50,0
"1010","M",2012,"M","Psychology","NDA",1,0,0,0,10,0
"733","F",2002,"M","Russian","NONE",1,250,500,500,500,500
"951","F",2012,"S","English","NONE",0,0,10,0,0,0
"221","M",1982,"S","Political Science","NONE",0,100,50,50,50,50
"486","M",1992,"M","Economics","MBA",1,8860.9,8000,6000,7000,6500
"229","F",1982,"D","English","ME",0,25,25,25,25,25
"1102","F",2012,"S","Art","NONE",0,0,0,0,5,0
"305","F",1982,"M","American Studies","NONE",0,100,155,100,100,100
"1170","F",2012,"M","German","MD",0,0,0,0,0,0
"346","M",1982,"M","Political Science","MPA",1,50,75,0,0,0
"579","M",1992,"M","Economics","NONE",1,0,155,0,157,0
"564","F",1992,"M","Religious Studies","JD",1,50,75,50,80,0
"159","M",1982,"S","History","NONE",1,55,100,100,100,100
"1037","F",2012,"S","Biology","MS",1,0,25,25,30,0
"276","M",1982,"M","Mathematics","MS",1,100,100,60,75,100
"1192","M",2012,"S","Chemistry","NDA",0,40,32.86,32.52,128.34,158
"970","F",2012,"M","Mathematics","NONE",0,0,0,0,0,0
"653","F",2002,"M","Anthropology","NONE",1,50,50,50,50,50
"572","M",1992,"M","Chemistry","PHD",1,155,155,151,157,0
"500","F",1992,"M","History","MA",0,0,0,0,0,0
"312","M",1982,"M","History","MSW",0,0,0,0,0,0
"989","M",2012,"M","Economics","PHD",0,8,9,10,40,45
"791","F",2002,"S","Russian","NONE",0,0,10,10,0,0
"875","M",2012,"S","Mathematics","NONE",1,0,0,0,0,0
"683","M",2002,"M","Spanish","NONE",1,50,50,0,25,0
"485","M",1992,"S","History","NONE",1,20,25,0,0,0
"963","M",2012,"S","Political Science","NDA",1,0,0,0,0,0
"84","M",1972,"M","Economics-Business","NONE",1,25,25,25,50,0
"108","M",1972,"M","History","MBA",1,100,100,100,100,100
"308","F",1982,"M","English","MD2",0,155,175,180,0,0
"259","F",1982,"M","Economics","MA",1,100,100,100,100,158
"250","M",1982,"M","Philosophy-Religion","MPA",1,0,160,100,160,0
"1132","M",2012,"M","Psychology","MD",1,6.5,7,10,75,502.4
"833","M",2002,"M","English","PHD",1,5,0,20,100,0
"1167","F",2012,"S","Biology","MD",1,0,0,0,0,0
"455","F",1992,"M","Economics","MBA",1,100,0,110,100,110
"1077","F",2012,"M","French","TC",0,0,0,0,0,0
"1212","M",2012,"M","Chinese","NONE",0,16,20,21,50,158
"338","F",1982,"M","Music","MLS",1,275,0,250,0,0
"262","F",1982,"D","English","NDA",0,0,0,0,0,0
"515","F",1992,"S","Biology","PHD",1,0,0,0,0,0
"352","F",1992,"M","Religious Studies","MS",1,175,110,60,75,100
"306","F",1982,"D","Speech (Drama, etc.)","ME",1,25,35,40,0,0
"554","F",1992,"M","German","MA",0,0,10,20,20,0
"1208","M",2012,"S","History","NONE",0,0,0,0,0,0
"762","F",2002,"M","Spanish","MBA",0,0,0,0,0,0
"714","M",2002,"M","Economics","MBA",1,275,0,0,150,0
"899","M",2012,"S","Art","NONE",0,0,0,0,0,0
"406","F",1992,"D","Spanish","MS",0,40,30,40,35,100
"294","M",1982,"M","Political Science","NDA",1,200,200,300,200,200
"32","F",1972,"M","Zoology","UMDS",0,0,0,0,0,0
"889","M",2012,"S","Chemistry","PHD",0,7,8,8,10,10
"1230","M",2012,"S","Economics","NDA",1,50,20,50,0,158
"797","F",2002,"M","Art","MAT",1,0,0,0,0,0
"451","M",1992,"M","History","NONE",1,0,25,100,0,25
"1136","M",2012,"M","Sociology","MSW",1,25,0,40,40,0
"890","F",2012,"M","English","NONE",0,0,0,0,0,0
"41","M",1972,"M","English","MA",1,100,100,50,100,100
"301","F",1982,"M","History","MLS",1,40,75,25,25,100
"472","F",1992,"M","Political Science","NONE",0,0,0,0,0,0
"574","F",1992,"M","English","NONE",1,50,75,75,75,100
"986","M",2012,"M","Music","BAE",0,0,0,0,0,0
"910","M",2012,"S","Economics","NONE",1,0,0,0,50,0
"832","M",2002,"M","Biology","MS",1,0,25,0,25,0
"1226","M",2012,"M","Art","NONE",0,0,0,0,0,0
"1147","F",2012,"S","Sociology","NONE",0,0,0,0,0,0
"123","M",1972,"W","Economics-Business","MBA",1,6131.24,12878.14,8031,58785.5,5000
"27","F",1972,"M","Education","NONE",1,285,300,335,357,360
"1125","F",2012,"S","General Science-Biology","NONE",1,0,0,0,0,0
"955","M",2012,"S","Psychology","MA",1,5,0,10,10,0
"888","M",2012,"M","Physics","NDA",1,0,0,0,20,0
"848","F",2002,"M","English","MA",1,25,25,0,0,0
"1162","F",2012,"S","English","NONE",1,100,155,100,0,0
"91","F",1972,"D","Music","MA",1,175,175,186,200,200
"1114","M",2012,"S","Chemistry","MD",0,0,0,0,0,0
"1177","F",2012,"S","Anthropology","MLS",1,20,0,0,20,20
"950","F",2012,"S","Sociology","NONE",0,0,0,0,0,20
"774","F",2002,"M","Spanish","NONE",1,0,100,156,0,0
"220","F",1982,"M","History","NONE",0,100,100,200,200,100
"130","F",1982,"M","Psychology","MSW",1,1000,1000,2000,2000,5000
"884","M",2012,"M","Psychology","MA",1,0,0,0,0,10
"367","M",1992,"S","Spanish","NONE",1,0,0,50,0,0
"523","M",1992,"M","American Studies","NONE",1,100,100,100,157,158
"1204","F",2012,"S","English","MA",1,20,25,10,25,0
"1135","F",2012,"S","English","NDA",1,0,0,20,0,0
"595","F",2002,"M","Art","MPH",1,30,40,30,35,40
"790","F",2002,"M","Chemistry","NONE",1,40,25,25,25,30
"440","F",1992,"M","Art","MA",0,100,100,156,157,158
"1101","M",2012,"S","Chemistry","PHD",1,0,15,20,20,50
"843","F",2002,"M","Mathematics","MS",1,50,50,50,50,50
"80","M",1972,"D","Art","NONE",1,0,0,0,0,0
"465","M",1992,"M","Philosophy","NONE",0,0,0,0,0,0
"1089","M",2012,"S","Sociology","NONE",1,0,0,0,0,0
"845","M",2002,"S","Economics","NDA",1,0,0,0,0,0
"736","F",2002,"M","Mathematics","NONE",1,400,400,200,250,250
"62","F",1972,"M","Comparative Literature","NONE",0,0,0,0,0,0
"135","M",1982,"M","History","JD",1,1000,2500,1000,26500,11500
"971","M",2012,"S","English","NONE",0,0,0,0,0,0
"120","M",1972,"M","Economics-Business","NONE",0,0,0,0,0,0
"1107","M",2012,"M","Economics","NONE",1,30,560,0,0,200
"188","M",1982,"M","Philosophy-Religion","PHD",1,25,0,0,0,0
"966","F",2012,"S","Anthropology","NONE",0,0,0,0,0,0
"885","F",2012,"S","Political Science","NDA",0,0,0,0,0,0
"725","M",2002,"M","English","PHD",1,35,50,0,50,0
"177","M",1982,"M","Economics-Regional Stds.","MBA",0,200,0,250,250,0
"751","F",2002,"M","French","NONE",1,50,25,0,0,100
"1115","M",2012,"D","Sociology","NDA",1,0,0,0,0,0
"697","F",2002,"M","Political Science","MA",1,75,75,75,75,75
"650","F",2002,"M","Independent","JD",1,100,155,1000,1500,1500
"170","M",1982,"M","Political Science","JD",0,15,15,0,0,15
"834","F",2002,"S","Psychology","DC",0,25,25,0,0,0
"1156","F",2012,"M","English","NONE",0,5,10,25,0,25
"191","F",1982,"M","Economics","NONE",1,1000,2799.5,1100,1000,100
"544","M",1992,"S","Biology","JD",1,0,200,250,250,1000
"1106","F",2012,"S","French","NONE",0,0,0,0,0,0
"640","M",2002,"M","History","MA",1,30,30,50,50,50
"873","M",2012,"M","Political Science","NONE",0,30,40,0,0,0
"1038","F",2012,"S","History","NONE",1,0,50,0,0,50
"668","F",2002,"S","Psychology","BFA",1,0,25,0,0,0
"687","F",2002,"M","Economics","MS",1,0,0,0,0,0
"516","F",1992,"D","English","NONE",1,0,0,0,0,0
"537","F",1992,"M","General Science-Biology","NONE",0,0,0,50,50,0
"442","F",1992,"M","Philosophy","PHD",0,0,0,0,0,0
"1191","M",2012,"S","Economics","NONE",1,0,10,10,10,10
"1016","F",2012,"S","Theatre","NONE",0,0,0,0,0,0
"578","F",1992,"M","Philosophy","MA",0,50,100,75,25,75
"265","M",1982,"S","English","NONE",0,0,0,0,0,0
"860","F",2002,"M","German","UBDS",1,100,0,0,0,50
"190","M",1982,"D","History","JD",0,0,0,0,0,0
"419","M",1992,"S","Mathematics-Physics","PHD",0,140,200,0,400,0
"1059","F",2012,"S","American Studies","MA",0,0,20,25,0,0
"766","F",2002,"M","Anthropology","NONE",0,25,25,25,30,25
"25","F",1972,"W","Education","NONE",0,50,50,50,50,50
"943","M",2012,"S","Philosophy","MA",1,0,0,0,0,0
"271","F",1982,"D","Biology","PHD",1,200,200,200,100,200
"162","M",1982,"M","Psychology","NONE",0,0,0,20,25,25
